{
    "page": {
        "width": 2550,
        "height": 3300
    },
    "columns": [
        0.167058823529411759611917887013987638056278228759765625,
        0.424313725490196080869509387412108480930328369140625,
        0.68352941176470582984592283537494949996471405029296875
    ],
    "rowStart": 0.3718181818181818254487325248192064464092254638671875,
    "rowEnd": 0.89484848484848489302834195768809877336025238037109375,
    "rows": 48,
    "sampleRadius": 8,
    "fillThreshold": 0.34999999999999997779553950749686919152736663818359375,
    "pages": [
        {
            "page": {
                "width": 2550,
                "height": 3300
            },
            "pageIndex": 0,
            "columns": [
                0.183529411764705885357074066632776521146297454833984375,
                0.44235294117647061540310460259206593036651611328125,
                0.72352941176470586537305962337995879352092742919921875
            ],
            "rowStart": 0.363333333333333341474968847251147963106632232666015625,
            "rowEnd": 0.88515151515151513361701063331565819680690765380859375,
            "rows": 48,
            "sampleRadius": 10,
            "fillThreshold": 0.25,
            "minDelta": 0.05000000000000000277555756156289135105907917022705078125
        },
        {
            "page": {
                "width": 2550,
                "height": 3300
            },
            "pageIndex": 1,
            "columns": [
                0.1980392156862745001166814518001046963036060333251953125,
                0.447843137254901935140338764540501870214939117431640625,
                0.7380392156862745078882426241762004792690277099609375
            ],
            "rowStart": 0.086969696969696974608865502887056209146976470947265625,
            "rowEnd": 0.9133333333333333303727386009995825588703155517578125,
            "rows": 48,
            "sampleRadius": 8,
            "fillThreshold": 0.34999999999999997779553950749686919152736663818359375
        },
        {
            "page": {
                "width": 2550,
                "height": 3300
            },
            "pageIndex": 2,
            "columns": [
                0.1850980392156862663899374865650315769016742706298828125,
                0.424313725490196080869509387412108480930328369140625,
                0.69058823529411761388274726414238102734088897705078125
            ],
            "rowStart": 0.086969696969696974608865502887056209146976470947265625,
            "rowEnd": 0.29696969696969699459287994613987393677234649658203125,
            "rows": 48,
            "sampleRadius": 8,
            "fillThreshold": 0.34999999999999997779553950749686919152736663818359375
        },
        {
            "page": {
                "width": 2550,
                "height": 3300
            },
            "pageIndex": 3,
            "columns": [
                0.26549019607843138413016959020751528441905975341796875,
                0.499215686274509795605780482219415716826915740966796875,
                0.75450980392156863363339880379498936235904693603515625
            ],
            "rowStart": 0.086969696969696974608865502887056209146976470947265625,
            "rowEnd": 0.9469696969696970167973404386430047452449798583984375,
            "rows": 48,
            "sampleRadius": 8,
            "fillThreshold": 0.34999999999999997779553950749686919152736663818359375
        },
        {
            "page": {
                "width": 2550,
                "height": 3300
            },
            "pageIndex": 4,
            "columns": [
                0.2090196078431372506134522382126306183636188507080078125,
                0.453333333333333310388724157746764831244945526123046875,
                0.74352941176470588313662801738246344029903411865234375
            ],
            "rowStart": 0.07848484848484849063510182531899772584438323974609375,
            "rowEnd": 0.287272727272727290692699853025260381400585174560546875,
            "rows": 48,
            "sampleRadius": 8,
            "fillThreshold": 0.34999999999999997779553950749686919152736663818359375
        }
    ]
}